name,university,Uni Classification,State,Pin Code,Year of Formation,longitude,latitude
Abhilashi University,abhilashi university,Private,Himachal Pradesh,175028,2015,77.0354,31.5144
Academy Of Maritime Education And Training,academy of maritime education and training,Deemed,Tamil Nadu,603112,2007,80.2328,12.7642
Acharya Nagarjuna University,acharya nagarjuna university,State,Andhra Pradesh,522510,1976,80.5468,16.4571
Acharya Ng Ranga Agricultural University,acharya ng ranga agricultural university,State,Telangana,500030,1964,78.3935,17.3354
Adamas University,adamas university,Private,West Bengal,700126,2014,88.4379,22.7423
Adesh University,adesh university,Private,Punjab,151101,2012,75.0837,30.1845
Adikavi Nannaya University,adikavi nannaya university,State,Andhra Pradesh,533105,2006,81.8327,16.9883
Ahmedabad University,ahmedabad university,Private,Gujarat,380009,2009,72.5542,23.037
Aisect University,aisect university,Private,Madhya Pradesh,464993,2010,77.5823,23.0273
Ajeenkya D Y Patil University,ajeenkya d y patil university,Private,Maharashtra,412105,2002,74.1405,18.6132
AKS University,aks university,Private,Madhya Pradesh,485001,2011,80.7918,24.4337
Alagappa University,alagappa university,State,Tamil Nadu,630003,1985,78.8022,10.0759
Al-Falah University,al-falah university,Private,Haryana,121004,2014,77.4258,28.2539
Aliah University,aliah university,State,West Bengal,700091,2007,88.4257,22.5814
Aligarh Muslim University,aligarh muslim university,Central,Uttar Pradesh,202002,1920,78.0508,27.8295
Alliance University,alliance university,Private,Karnataka,562106,2010,77.6157,12.7733
Amity University,amity university,Private,Maharashtra,410206,2014,81.9393,21.3905
Amity University,amity university,Private,Chhattisgarh,493225,2014,78.2156,26.2401
Amity University,amity university,Private,Madhya Pradesh,474005,2010,77.3465,28.5498
Amity University,amity university,Private,Rajasthan,303007,2008,76.9135,28.3188
Amity University,amity university,Private,Haryana,122413,2010,75.6184,26.7522
Amity University,amity university,Private,Uttar Pradesh,201303,2005,73.1217,18.9552
Amrita Vishwa Vidyapeetham,amrita vishwa vidyapeetham,Deemed,Tamil Nadu,641105,2003,76.9157,10.8351
Anand Agricultural University,anand agricultural university,State,Gujarat,388110,2004,72.9812,22.5143
Andhra University,andhra university,State,Andhra Pradesh,530003,1926,83.3222,17.7188
Anna University,anna university,State,Tamil Nadu,600025,1978,80.2363,13.011
Annamalai University,annamalai university,State,Tamil Nadu,608002,1929,79.7528,11.4106
Ansal University,ansal university,Private,Haryana,122003,2012,77.0593,28.4472
Apeejay Stya University,apeejay stya university,Private,Haryana,122103,2010,77.1087,28.2243
Apex Professional University,apex professional university,Private,Arunachal Pradesh,791102,2013,95.1878,27.9908
APG (Alakh Prakash Goyal) University,apg (alakh prakash goyal) university,Private,Himachal Pradesh,171009,2012,77.192,31.053
Arni University,arni university,Private,Himachal Pradesh,176401,2009,75.7195,32.11
Arunachal University of Studies,arunachal university of studies,Private,Arunachal Pradesh,792103,2012,96.2334,28.0594
Arunodaya University,arunodaya university,Private,Arunachal Pradesh,791109,2014,93.74,27.1246
Aryabhatta Knowledge University,aryabhatta knowledge university,State,Bihar,800001,2008,85.1337,25.6111
Ashoka University,ashoka university,Private,Haryana,131028,2014,77.1566,28.8688
Assam Agricultural University,assam agricultural university,State,Assam,785013,1968,94.2308,26.6792
Assam Don Bosco University,assam don bosco university,Private,Assam,781017,2009,91.5742,26.1507
Assam Down Town University,assam down town university,Private,Assam,781036,2010,91.8059,26.1504
Assam Rajiv Gandhi University of Co-operative Management,assam rajiv gandhi university of co-operative management,State,Assam,785640,2010,94.6343,27.0121
Assam Science & Technology University,assam science & technology university,State,Assam,781019,2011,91.761,26.1508
Assam University,assam university,Central,Assam,788011,1994,92.6883,24.803
Assam Women�S University,assam women�s university,State,Assam,785004,2013,94.1877,26.6814
Atal Bihari Vajpai Hindi Vishwavidyalaya,atal bihari vajpai hindi vishwavidyalaya,State,Madhya Pradesh,462016,2011,77.4285,23.2111
AURO University of Hospitality and Management,auro university of hospitality and management,Private,Gujarat,394510,2011,72.6674,21.1869
Avinashilingam Institute For Home Science & Higher Education For Women,avinashilingam institute for home science & higher education for women,Deemed,Tamil Nadu,641043,1988,76.9549,11.021
Awadesh Pratap Singh University,awadesh pratap singh university,State,Madhya Pradesh,486003,1968,81.3397,24.5679
Ayush And Health Science University,ayush and health science university,State,Chhattisgarh,492001,2008,81.6356,21.148
Azim Premji University,azim premji university,Private,Karnataka,560100,2010,77.6638,12.8503
Baba Farid University of Health Sciences,baba farid university of health sciences,State,Punjab,151203,2002,74.733,30.7011
Baba Ghulam Shah Badshah University,baba ghulam shah badshah university,State,Jammu & Kashmir,185131,2005,74.272,33.3836
Baba Mast Nath University,baba mast nath university,Private,Haryana,124021,2012,76.6462,28.8647
Babasaheb Bhimrao Ambedkar Bihar University,babasaheb bhimrao ambedkar bihar university,State,Bihar,842001,1952,85.4042,26.1254
Babasaheb Bhimrao Ambedkar University,babasaheb bhimrao ambedkar university,Central,Uttar Pradesh,226025,1996,80.9376,26.766
Babu Banarasi Das University,babu banarasi das university,Private,Uttar Pradesh,226028,2010,81.0592,26.8872
Baddi University of Emerging Sciences & Technology,baddi university of emerging sciences & technology,Private,Himachal Pradesh,173205,2009,76.7619,30.9653
Bahra University,bahra university,Private,Himachal Pradesh,173234,2011,77.0895,31.0036
Banaras Hindu University,banaras hindu university,Central,Uttar Pradesh,221005,1916,82.9918,25.2668
Banasthai Vidyapith,banasthai vidyapith,Deemed,Rajasthan,304022,1983,75.8391,26.5032
Bangalore University,bangalore university,State,Karnataka,560056,1964,77.483,12.9441
Barkatullah University,barkatullah university,State,Madhya Pradesh,462026,1970,77.4534,23.2122
Bastar Vishwavidyalaya,bastar vishwavidyalaya,State,Chhattisgarh,494005,2008,81.8902,19.0952
Berhampur University,berhampur university,State,Odisha,760007,1967,84.878,19.3174
Bhagat Phool Singh Mahila Vishwavidyalaya,bhagat phool singh mahila vishwavidyalaya,State,Haryana,131305,2006,76.8038,29.1532
Bhagwant University,bhagwant university,Private,Rajasthan,305001,2008,74.6383,26.4231
Bharat Ratna Dr Br Ambedkar University,bharat ratna dr br ambedkar university,State,Delhi,110006,2007,77.2242,28.6572
Bharath Institute Of Higher Education & Research,bharath institute of higher education & research,Deemed,Tamil Nadu,600073,2002,80.1699,12.8979
Bharathiar University,bharathiar university,State,Tamil Nadu,641046,1982,76.9235,11.2295
Bharathidasan University,bharathidasan university,State,Tamil Nadu,620024,1982,78.7263,10.693
Bharati Vidyapeeth,bharati vidyapeeth,Deemed,Maharashtra,411030,1996,73.8448,18.5064
Bhatkhande Music Institute,bhatkhande music institute,Deemed,Uttar Pradesh,222601,2000,80.9331,26.8536
Bhupendra Narayan Mandal University,bhupendra narayan mandal university,State,Bihar,852113,1993,86.7943,25.9368
Bidhan Chandra Krishi Vishwavidyalaya,bidhan chandra krishi vishwavidyalaya,State,West Bengal,741252,1974,88.5351,22.947
Bihar Agricultural University,bihar agricultural university,State,Bihar,813210,2010,87.045,25.2166
Bihar Yoga Bharati,bihar yoga bharati,Deemed,Bihar,811201,2000,86.4318,25.3736
Biju Patnaik University of Technology,biju patnaik university of technology,State,Odisha,769004,2003,84.7966,22.2208
Bilaspur Vishwavidyalaya,bilaspur vishwavidyalaya,State,Chhattisgarh,495009,2011,82.1518,22.1796
Birla Institute Of Technology,birla institute of technology,Deemed,Jharkhand,835215,1986,85.419,23.419
Birla Institute Of Technology & Science,birla institute of technology & science,Deemed,Rajasthan,333031,1964,75.6262,28.4065
Birsa Agricultural University,birsa agricultural university,State,Jharkhand,834006,1980,85.3291,23.4555
BLDE University,blde university,Deemed,Karnataka,586103,2008,75.7105,16.8597
Bml Munjal University,bml munjal university,Private,Haryana,123413,2014,76.8561,28.2739
Bodoland University,bodoland university,State,Assam,783370,2009,90.2391,26.6294
BS Abdur Rahman Institute Of Science And Technology,bs abdur rahman institute of science and technology,Deemed,Tamil Nadu,600048,2008,80.1462,12.8184
Bundelkhand University,bundelkhand university,State,Uttar Pradesh,284128,1975,78.6522,25.4523
Burdwan University,burdwan university,State,West Bengal,713104,1960,87.826,23.2443
Calcutta University,calcutta university,State,West Bengal,700073,1857,88.3591,22.5755
Calicut University,calicut university,State,Kerala,673635,1968,75.8776,11.1196
Calorx Teacher�S University,calorx teacher�s university,Private,Gujarat,382481,2009,72.5252,23.1093
Career Point University,career point university,Private,Rajasthan,324005,2012,76.544,31.6219
Career Point University,career point university,Private,Himachal Pradesh,176041,2012,75.8353,25.1376
Central Agricultural University,central agricultural university,Central,Manipur,795004,1993,93.9269,24.8213
Central Institute Of Fisheries Education,central institute of fisheries education,Deemed,Maharashtra,400061,1989,72.8027,19.1514
Central Institute Of Higher Tibetan Studies,central institute of higher tibetan studies,Deemed,Uttar Pradesh,221007,1988,83.029,25.3721
Central University Of Gujarat,central university of gujarat,Central,Gujarat,382007,2009,72.6279,23.1649
Central University Of Haryana,central university of haryana,Central,Haryana,123029,2009,76.1236,28.3223
Central University Of Himachal Pradesh,central university of himachal pradesh,Central,Himachal Pradesh,176215,2009,76.3463,32.2741
Central University Of Jammu,central university of jammu,Central,Jammu & Kashmir,180012,2009,74.9159,32.7194
Central University Of Jharkhand,central university of jharkhand,Central,Jharkhand,835205,2009,85.1451,23.467
Central University Of Karnataka,central university of karnataka,Central,Karnataka,585311,2009,76.6936,17.5514
Central University Of Kashmir,central university of kashmir,Central,Jammu & Kashmir,190004,2009,74.8417,34.059
Central University Of Kerala,central university of kerala,Central,Kerala,695017,2009,76.9196,8.5482
Central University Of Odisha,central university of odisha,Central,Odisha,763001,2009,82.794,18.7461
Central University Of Punjab,central university of punjab,Central,Punjab,151001,2009,74.8979,30.1455
Central University Of Rajasthan,central university of rajasthan,Central,Rajasthan,302005,2009,75.8023,26.8957
Central University Of South Bihar,central university of south bihar,Central,Bihar,800014,2009,85.0857,25.5955
Central University Of Tamil Nadu,central university of tamil nadu,Central,Tamil Nadu,610001,2009,79.6693,10.7901
Centre For Environmental Planning And Technology,centre for environmental planning and technology,State,Gujarat,380009,2005,72.5602,23.037
Centurion University of Technology and Management,centurion university of technology and management,Private,Odisha,761211,2010,84.1721,18.851
Chanakya National Law University,chanakya national law university,State,Bihar,800001,2006,85.1397,25.6111
Chandigarh University,chandigarh university,Private,Punjab,140413,2012,76.5481,30.7642
Chandra Shekhar Azad University of Agriculture & Technology,chandra shekhar azad university of agriculture & technology,State,Uttar Pradesh,208002,1974,80.3018,26.4981
Charotar University of Science & Technology,charotar university of science & technology,Private,Gujarat,388421,2009,72.8075,22.5991
Chatrapati Sahuji Maharaj Kanpur University,chatrapati sahuji maharaj kanpur university,State,Uttar Pradesh,208024,1965,80.2726,26.4996
Chaudhary Bansi Lal University,chaudhary bansi lal university,State,Haryana,127021,2014,76.128,28.7362
Chaudhary Charan Singh Haryana Agricultural University,chaudhary charan singh haryana agricultural university,State,Haryana,125004,1970,74.9693,29.472
Chaudhary Devi Lal University,chaudhary devi lal university,State,Haryana,125055,2003,76.3539,29.3952
Chaudhary Ranbir Singh University,chaudhary ranbir singh university,State,Haryana,126102,2014,76.5446,32.1026
Chaudhary Sarwan Kumar Himachal Pradesh,chaudhary sarwan kumar himachal pradesh,State,Himachal Pradesh,176062,1978,80.1989,12.7598
Chennai Mathematical Institute,chennai mathematical institute,Deemed,Tamil Nadu,603103,2006,80.2049,12.7598
Chettinad Academy Of Research And Education (CARE),chettinad academy of research and education,Deemed,Tamil Nadu,603103,2008,81.2221,21.274
Chhattisgarh Kamdhenu Vishwavidyalaya,chhattisgarh kamdhenu vishwavidyalaya,State,Chhattisgarh,491001,2011,81.3369,21.1881
Chhattisgarh Swami Vivekanand Technical University,chhattisgarh swami vivekanand technical university,State,Chhattisgarh,490009,2004,72.6686,23.2247
Children�S University,children�s university,State,Gujarat,382020,2009,76.8627,30.9013
Chitkara University,chitkara university,Private,Punjab,140401,2010,76.5741,30.495
Chitkara University,chitkara university,Private,Himachal Pradesh,174103,2009,75.6714,29.1196
Choudhary Charan Singh University,choudhary charan singh university,State,Uttar Pradesh,200005,1965,77.74,28.968
Christ University,christ university,Deemed,Karnataka,560029,2008,77.6064,12.9268
CMJ University,cmj university,Private,Meghalaya,793003,2009,91.9044,25.58
CMR University,cmr university,Private,Karnataka,560043,2013,77.6582,13.0366
Cochin University of Science & Technology,cochin university of science & technology,State,Kerala,682022,1971,76.2747,9.9785
Cooch Behar Panchanan Barma University,cooch behar panchanan barma university,State,West Bengal,736101,2012,89.4627,26.3087
Cotton College State University,cotton college state university,State,Assam,781001,2011,91.7419,26.1863
Cu Shah University,cu shah university,Private,Gujarat,363030,2013,71.6894,22.7348
Damodaram Sanjivayya National Law University,damodaram sanjivayya national law university,State,Andhra Pradesh,530017,2008,83.3368,17.7339
Datta Meghe Institute Of Medical Sciences,datta meghe institute of medical sciences,Deemed,Maharashtra,440022,2005,79.0495,21.1161
Dav University,dav university,Private,Punjab,144001,2013,75.5669,31.3043
Davangere University,davangere university,State,Karnataka,577002,2009,75.9125,14.3826
Dayalbagh Educational Institute,dayalbagh educational institute,Deemed,Uttar Pradesh,282005,1981,78.0067,27.2403
Dayanand Sagar University,dayanand sagar university,Private,Karnataka,560078,2014,77.5816,12.9042
Deccan College Postgraduate & Research Institute,deccan college postgraduate & research institute,Deemed,Maharashtra,411006,1990,73.8969,18.5509
Deen Bandhu Chhotu Ram University of Science & Technology,deen bandhu chhotu ram university of science & technology,State,Haryana,131039,2006,83.3865,26.7459
Deen Dayal Upadhyay Gorakhpur University,deen dayal upadhyay gorakhpur university,State,Uttar Pradesh,273009,1957,77.0549,29.0714
Delhi Technological University,delhi technological university,State,Delhi,110042,2009,77.1458,28.7535
Delhi University,delhi university,Central,Delhi,110007,1922,77.1994,28.6768
Desh Bhagat University,desh bhagat university,Private,Punjab,147301,2013,76.2926,30.6428
Dev Sanskrit Vishwavidyalaya,dev sanskrit vishwavidyalaya,Private,Uttarakhand,249411,2002,78.1606,30.0249
Devi Ahilya Vishwavidyalaya,devi ahilya vishwavidyalaya,State,Madhya Pradesh,452001,1964,75.8772,22.7093
Dharmsinh Desai University,dharmsinh desai university,State,Gujarat,387001,2000,72.8666,22.6931
Dhirubhai Ambani Institute Of Information And Communication,dhirubhai ambani institute of information and communication,Private,Gujarat,382007,2003,72.6339,23.1649
Dibrugarh University,dibrugarh university,State,Assam,786004,1965,94.8473,27.4225
DIT University,dit university,Private,Uttarakhand,248009,2013,78.0709,30.4093
Doon University,doon university,State,Uttarakhand,248001,2005,78.0297,30.3442
Dr Babasaheb Ambedkar Marathwada University,dr babasaheb ambedkar marathwada university,State,Maharashtra,431004,1958,72.5142,23.1438
Dr Babasaheb Ambedkar Open University,dr babasaheb ambedkar open university,State,Gujarat,380060,1995,75.3174,19.9075
Dr Babasaheb Ambedkar Technological University,dr babasaheb ambedkar technological university,State,Maharashtra,402103,1992,73.3058,18.1472
Dr Bhimrao Ambedkar Law University,dr bhimrao ambedkar law university,State,Rajasthan,302018,2012,75.7889,26.8553
Dr BR Ambedkar Open University,dr br ambedkar open university,State,Andhra Pradesh,500033,2008,78.4147,17.4196
Dr BR Ambedkar Open University,dr br ambedkar open university,State,Telangana,500033,1982,78.4087,17.4196
Dr BR Ambedkar University,dr br ambedkar university,State,Uttar Pradesh,282004,1927,78.0255,27.2148
Dr CV Raman University,dr cv raman university,Private,Chhattisgarh,495113,2006,81.7572,22.4213
Dr DY Patil Vidyapeeth,dr dy patil vidyapeeth,Deemed,Maharashtra,411018,2003,73.8157,18.624
Dr Harisingh Gour Vishwavidyalaya,dr harisingh gour vishwavidyalaya,Central,Madhya Pradesh,470003,1946,78.7573,23.7803
Dr KN Modi University,dr kn modi university,Private,Rajasthan,304021,2010,75.9036,26.2955
Dr NTR University Of Health Sciences,dr ntr university of health sciences,State,Andhra Pradesh,520008,1986,80.6591,16.5071
Dr Punjabrao Deshmukh Krishi Vidyapeeth,dr punjabrao deshmukh krishi vidyapeeth,State,Maharashtra,444104,1969,76.8344,20.8014
Dr Ram Manohar Lohia Awadh University,dr ram manohar lohia awadh university,State,Uttar Pradesh,224001,1975,82.1399,26.8028
Dr Ram Manohar Lohiya National Law University,dr ram manohar lohiya national law university,State,Uttar Pradesh,226012,2005,80.9097,26.7857
Dr Sarvepalli Radhakrishnan Rajasthan Ayurved University,dr sarvepalli radhakrishnan rajasthan ayurved university,State,Rajasthan,342037,2004,73.1883,26.6523
Dr YSParmar University of Horticulture & Forestry,dr ysparmar university of horticulture & forestry,State,Himachal Pradesh,173230,1986,76.86,31.3701
Dr YSR Horticultural University,dr ysr horticultural university,State,Andhra Pradesh,534101,2011,81.5124,16.8496
Dr. Balasaheb Sawant Konkan Krishi Vidyapeeth,dr balasaheb sawant konkan krishi vidyapeeth,State,Maharashtra,415712,1972,73.2078,17.7945
Dravidian University,dravidian university,State,Andhra Pradesh,517425,1997,78.3712,12.7558
DY Patil Educational Society,dy patil educational society ,Deemed,Maharashtra,416006,2005,74.2505,16.7438
Eastern Institute For Integrated Learning In Management,eastern institute for integrated learning in management,Private,Sikkim,737121,2006,88.2252,27.1704
Eternal University,eternal university,Private,Himachal Pradesh,173101,2009,77.375,30.8402
Fakir Mohan University,fakir mohan university,State,Odisha,756019,1999,86.8378,21.5074
Flame University,flame university,Private,Maharashtra,411042,2015,73.8692,18.5043
Forest Research Institute,forest research institute,Deemed,Uttarakhand,248006,1991,77.9921,30.3508
Galgotias University,galgotias university,Private,Uttar Pradesh,201306,2011,77.4829,28.4863
Gandhi Institute Of Technology And Management (Gitam),gandhi institute of technology and management (gitam),Deemed,Andhra Pradesh,530045,2007,83.3658,17.7748
Gandhiigram Rural Institute,gandhiigram rural institute,Deemed,Tamil Nadu,624302,1976,77.9119,10.2009
Ganpat University,ganpat university,Private,Gujarat,382711,2005,72.4572,23.536
Gauhati University,gauhati university,State,Assam,781014,1948,91.6636,26.1571
Gaur Banga University,gaur banga university,State,West Bengal,732101,2007,88.2316,25.1529
Gautam Buddha University,gautam buddha university,State,Uttar Pradesh,201308,2002,77.5009,28.4503
GB Pant University of Agriculture and Technology,gb pant university of agriculture and technology,State,Uttarakhand,263145,1960,79.8856,28.8686
GD Goenka University,gd goenka university,Private,Haryana,122103,2013,77.1147,28.2243
Geetanjali University,geetanjali university,Private,Rajasthan,313002,2011,73.7069,24.5601
GLA University,gla university,Private,Uttar Pradesh,281406,2010,77.6173,27.648
GLS University,gls university,Private,Gujarat,380006,2015,72.5521,23.0258
GNA University,gna university,Private,Punjab,144401,2014,75.8026,31.2448
Goa University,goa university,State,Goa,403206,1985,73.8817,15.4598
Gokhale Institute Of Politics & Economics,gokhale institute of politics & economics,Deemed,Maharashtra,411004,1993,73.8339,18.5106
Gondwana University,gondwana university,State,Maharashtra,422605,1994,74.2728,19.6208
Graphic Era Parvatiya Vishwavidyalaya,graphic era parvatiya vishwavidyalaya,Private,Uttarakhand,248002,2011,77.9978,30.2409
Graphic Era University,graphic era university,Deemed,Uttarakhand,248002,2008,78.0038,30.2409
Gujarat Agricultural University,gujarat agricultural university,State,Gujarat,385506,1972,71.8684,24.0424
Gujarat Ayurveda University,gujarat ayurveda university,State,Gujarat,361008,1968,70.066,22.4829
Gujarat Forensic Sciences University,gujarat forensic sciences university,State,Gujarat,382007,2008,72.6279,23.1709
Gujarat National Law University,gujarat national law university,State,Gujarat,382007,2003,72.6219,23.1649
Gujarat Technological University,gujarat technological university,State,Gujarat,380015,2007,72.4994,22.9973
Gujarat University,gujarat university,State,Gujarat,380009,1950,72.5482,23.037
Gujarat Vidyapith,gujarat vidyapith,Deemed,Gujarat,380014,1963,72.5681,23.0436
Gulbarga University,gulbarga university,State,Karnataka,585106,1980,76.8744,17.3132
Guru Angad Dev Veterinary & Animal Sciences University,guru angad dev veterinary & animal sciences university,State,Punjab,141004,2005,75.7909,30.9042
Guru Ghasidas Vishwavidyalaya,guru ghasidas vishwavidyalaya,Central,Chhattisgarh,495009,1983,82.1578,22.1796
Guru Gobind Singh Indraprastha University,guru gobind singh indraprastha university,State,Delhi,110006,1998,77.2302,28.6572
Guru Jambeshwar University of Science and Technology,guru jambeshwar university of science and technology,State,Haryana,125001,1995,75.6292,29.0916
Guru Kashi University,guru kashi university,Private,Punjab,151302,2011,75.1194,29.9427
Guru Nanak Dev University,guru nanak dev university,State,Punjab,143005,1969,74.8065,31.6353
Guru Ravidas Ayurved University,guru ravidas ayurved university,State,Punjab,146001,2010,75.9025,31.534
Gurukul Kangri Vishwavidyalaya,gurukul kangri vishwavidyalaya,Deemed,Uttarakhand,249404,1962,78.0906,29.8372
Haridev Joshi University of Journalism & Mass Communication,haridev joshi university of journalism & mass communication,State,Rajasthan,302004,2012,75.8289,26.8972
Hemchandracharya North Gujarat University,hemchandracharya north gujarat university,State,Gujarat,384265,1986,72.156,23.8921
Hemwati Nandan Bahuguna Garhwal University,hemwati nandan bahuguna garhwal university,Central,Uttarakhand,246174,1973,78.8142,30.212
Hemwati Nandan Bahuguna Medical Education University,hemwati nandan bahuguna medical education university,State,Uttarakhand,248001,2014,78.0357,30.3442
Hidayatullah National Law University,hidayatullah national law university,State,Chhattisgarh,492001,2003,81.6296,21.148
Hiht University,hiht university,Deemed,Uttarakhand,248140,2007,78.0886,30.2074
Himachal Pradesh Technical University,himachal pradesh technical university,State,Himachal Pradesh,177001,2010,76.5129,31.679
Himachal Pradesh University,himachal pradesh university,State,Himachal Pradesh,171005,1970,77.1407,31.102
Himalayan University,himalayan university,Private,Arunachal Pradesh,791110,2013,93.7528,27.1056
Himgiri Zee University,himgiri zee university,Private,Uttarakhand,248197,2003,77.869,30.4143
Hindustan Institute Of Technology And Science (Hits),hindustan institute of technology and science (hits),Deemed,Tamil Nadu,603103,2008,80.1929,12.7598
Homi Bhabha National Institute,homi bhabha national institute,Deemed,Maharashtra,400094,2005,72.9302,19.0403
Homoeopathy University,homoeopathy university,Private,Rajasthan,302029,2010,75.6483,26.7791
Hyderabad University,hyderabad university,Central,Telangana,500046,1974,78.3198,17.3662
ICFAI Foundation For Higher Education,icfai foundation for higher education,Deemed,Telangana,501504,2008,78.2621,17.3026
ICFAI University,icfai university,Private,Chhattisgarh,560085,2011,81.6296,21.2513
ICFAI University,icfai university,Private,Rajasthan,302001,2011,76.8687,30.9013
ICFAI University,icfai university,Private,Himachal Pradesh,174103,2011,75.8114,26.9222
IEC (India Education Centre) University,iec (india education centre) university,Private,Himachal Pradesh,173205,2012,76.7679,30.9653
IFTM University,iftm university,Private,Uttar Pradesh,244102,2010,78.6291,28.7933
IIHMR University,iihmr university,Private,Rajasthan,302029,2014,75.6543,26.7791
IIS University,iis university,Deemed,Rajasthan,302020,2009,75.7585,26.8575
IMS Unison University,ims unison university,Private,Uttarakhand,248009,2013,78.0769,30.4093
Indian Agricultural Research Institute,indian agricultural research institute,Deemed,Delhi,110012,1958,77.1957,28.5494
Indian Institute Of Foreign Trade,indian institute of foreign trade,Deemed,Delhi,110016,2002,77.1573,28.6352
Indian Institute Of Information Technology,indian institute of information technology,Deemed,Uttar Pradesh,211012,2000,81.736,25.4546
Indian Institute Of Information Technology And Management,indian institute of information technology and management,Deemed,Madhya Pradesh,474001,2001,78.1443,26.1994
Indian Institute Of Science,indian institute of science,Deemed,Karnataka,560012,1958,77.5676,13.0196
Indian Institute Of Space Science And Technology,indian institute of space science and technology,Deemed,Kerala,695547,2008,76.7503,8.6959
Indian Institute Of Teacher Education,indian institute of teacher education,State,Gujarat,382016,2010,72.6356,23.2313
Indian Law Institute,indian law institute,Deemed,Delhi,110001,2004,77.2211,28.6236
Indian Maritime University,indian maritime university,Central,Tamil Nadu,600119,2008,80.2217,12.8662
Indian School Of Mines,indian school of mines,Deemed,Jharkhand,826004,1967,86.4388,23.8115
Indian Veterinary Research Institute,indian veterinary research institute,Deemed,Uttar Pradesh,243122,1983,79.5191,28.4441
Indira Gandhi Delhi Technical University for Women,indira gandhi delhi technical university for women,State,Delhi,110006,2013,77.2182,28.6572
Indira Gandhi Institute Of Development Research,indira gandhi institute of development research,Deemed,Maharashtra,400065,1995,72.8894,19.1529
Indira Gandhi Krishi Vishwavidyalaya,indira gandhi krishi vishwavidyalaya,State,Chhattisgarh,492006,1987,81.6932,21.2814
Indira Gandhi National Open University,indira gandhi national open university,Central,Delhi,110068,1985,77.2126,28.4548
Indira Gandhi University,indira gandhi university,State,Haryana,123401,2013,76.579,28.2371
Indira Kala Sangeet Vishwavidyalaya,indira kala sangeet vishwavidyalaya,State,Chhattisgarh,491881,1956,80.8897,21.3857
Indraprastha Institute Of Information Technology,indraprastha institute of information technology,State,Delhi,110020,2008,77.2754,28.5362
Indus International University,indus international university,Private,Himachal Pradesh,174301,2010,76.2742,31.3396
Indus University,indus university,Private,Gujarat,382115,2012,72.3676,23.0938
Institute Of Advanced Studies In Education,institute of advanced studies in education,Deemed,Rajasthan,331401,2002,74.5171,28.4483
Institute Of Chartered Financial Analysts Of India (Icfai),institute of chartered financial analysts of india (icfai),Private,Uttarakhand,248006,2003,77.9981,30.3508
Institute Of Chartered Financial Analysts Of India Agartala,institute of chartered financial analysts of india agartala,Private,Tripura,799001,2004,91.2813,23.8319
Institute Of Chemical Technology,institute of chemical technology,Deemed,Maharashtra,400019,1987,72.8534,19.0276
Institute Of Liver And Biliary Sciences,institute of liver and biliary sciences,Deemed,Delhi,110070,2009,77.1563,28.5252
Institute Of Trans-Disciplinary Health Sciences And Technology,institute of trans-disciplinary health sciences and technology,Private,Karnataka,560064,2013,77.5617,13.1435
Instituteof Armamrnt Technology,instituteof armamrnt technology,Deemed,Maharashtra,411025,1999,73.8139,18.4063
Integral University,integral university,Private,Uttar Pradesh,226026,2004,80.9819,26.9319
International Institute For Population Sciences,international institute for population sciences,Deemed,Maharashtra,400088,1985,72.9416,19.0517
"International Institute Of Information
Technology","international institute of information
technology",Deemed,Karnataka,560100,2005,78.3312,17.4419
"International Institute Of Information
Technology","international institute of information
technology",Deemed,Telangana,500032,2001,77.6698,12.8503
Invertis University,invertis university,Private,Uttar Pradesh,243123,2010,79.4868,28.3194
Islamic University of Science & Technology,islamic university of science & technology,State,Jammu & Kashmir,192122,2005,74.997,33.8977
ITM University,itm university,Private,Chhattisgarh,493661,2012,81.7956,21.0867
ITM University,itm university,Private,Madhya Pradesh,474001,2011,78.1383,26.1994
ITM University,itm university,Private,Haryana,122017,2009,77.0291,28.5128
ITM-Vocational University,itm-vocational university,Private,Gujarat,391760,2014,73.3873,22.3433
Jadavpur University,jadavpur university,State,West Bengal,700032,1955,88.3699,22.4928
Jagadguru Ramanandacharya Rajasthan Sanskrit University,jagadguru ramanandacharya rajasthan sanskrit university,State,Rajasthan,302026,1998,76.6504,12.3367
Jagadguru Rambhadracharya Handicapped University,jagadguru rambhadracharya handicapped university,Private,Uttar Pradesh,210204,2001,76.1277,27.1983
Jagadguru Sri Shivarathreeswara University,jagadguru sri shivarathreeswara university,Deemed,Karnataka,570015,2008,81.1252,25.014
Jagan Nath University,jagan nath university,Private,Haryana,124507,2013,76.8663,28.6771
Jagannath University,jagannath university,Private,Rajasthan,303901,2008,75.9348,26.6137
Jagran Lakecity University,jagran lakecity university,Private,Madhya Pradesh,462044,2013,77.3609,23.1793
Jai Narain Vyas University,jai narain vyas university,State,Rajasthan,342011,1962,73.043,26.2514
Jai Prakash Vishwavidyalaya,jai prakash vishwavidyalaya,State,Bihar,841301,1995,84.6948,25.7349
Jain University,jain university,Deemed,Karnataka,560001,2008,77.5988,12.977
Jain Vishva Bharati Institute,jain vishva bharati institute,Deemed,Rajasthan,341306,1991,74.3685,27.6236
Jaipur National University,jaipur national university,Private,Rajasthan,302017,2007,75.8156,26.8592
Jamia Hamdard,jamia hamdard,Deemed,Delhi,110062,1989,77.2439,28.5036
Jamia Millia Islamia University,jamia millia islamia university,Central,Delhi,110025,1988,77.2839,28.5636
Jammu University,jammu university,State,Jammu & Kashmir,180006,1968,74.8732,32.7104
Janardan Rai Nagar Rajasthan Vidyapeeth,janardan rai nagar rajasthan vidyapeeth,Deemed,Rajasthan,313001,1987,73.5355,24.898
Jawahar Lal Nehru Centre For Advanced Scientific Research,jawahar lal nehru centre for advanced scientific research,Deemed,Karnataka,560064,2002,77.5677,13.1435
Jawaharlal Nehru Architecture And Fine Arts University,jawaharlal nehru architecture and fine arts university,State,Telangana,500028,2008,78.4359,17.3991
Jawaharlal Nehru Krishi Vishwavidyalaya,jawaharlal nehru krishi vishwavidyalaya,State,Madhya Pradesh,482004,1964,79.9521,23.2191
Jawaharlal Nehru Technological University,jawaharlal nehru technological university,State,Andhra Pradesh,515002,2008,82.224,16.9581
Jawaharlal Nehru Technological University,jawaharlal nehru technological university,State,Andhra Pradesh,533003,2008,78.3919,17.5023
Jawaharlal Nehru Technological University,jawaharlal nehru technological university,State,Telangana,500072,1972,77.5309,14.6378
Jawaharlal Nehru University,jawaharlal nehru university,Central,Delhi,110067,1969,77.1678,28.5424
Jayoti Vidyapeeth Women�S University,jayoti vidyapeeth women�s university,Private,Rajasthan,303007,2008,75.6244,26.7522
Jaypee Institute Of Information Technology,jaypee institute of information technology,Deemed,Uttar Pradesh,201307,2004,77.3579,28.5961
Jaypee University,jaypee university,Private,Uttar Pradesh,203390,2014,77.0702,31.0166
Jaypee University of Engineering & Technology,jaypee university of engineering & technology,Private,Madhya Pradesh,473226,2010,77.6486,24.6491
Jaypee University of Information Technology,jaypee university of information technology,Private,Himachal Pradesh,173215,2002,77.0671,31.0303
Jecrc University,jecrc university,Private,Rajasthan,303905,2012,75.8096,26.6882
Jharkhand Rai University,jharkhand rai university,Private,Jharkhand,834002,2012,85.3247,23.33
JIS University,jis university,Private,West Bengal,700020,2015,88.3499,22.5381
Jiwaji University,jiwaji university,State,Madhya Pradesh,474011,1964,78.1803,26.189
Jk Lakshmipat University,jk lakshmipat university,Private,Rajasthan,302026,2011,76.1337,27.1983
Jodhpur National University,jodhpur national university,Private,Rajasthan,342001,2008,72.7752,26.1598
Junagadh Agricultural University,junagadh agricultural university,State,Gujarat,362001,2004,70.4532,21.5098
Kadi Sarva Vishwavidyalaya,kadi sarva vishwavidyalaya,Private,Gujarat,382016,2007,72.6416,23.2313
Kakatiya University,kakatiya university,State,Telangana,506009,1976,79.5718,17.9798
Kalasalingam Academy Of Research And Higher Education,kalasalingam academy of research and higher education,Deemed,Tamil Nadu,626126,1984,77.6575,9.6468
Kalinga Institute Of Industrial Technology,kalinga institute of industrial technology,Deemed,Odisha,751024,2002,85.8127,20.348
Kalinga University,kalinga university,Private,Chhattisgarh,492101,2011,81.768,21.2758
Kalyani University,kalyani university,State,West Bengal,741235,1960,88.4489,22.9829
Kamdhenu University,kamdhenu university,State,Gujarat,382010,2009,72.6535,23.219
Kameshwar Singh Darbhanga Sanskrit Vishwavidyalaya,kameshwar singh darbhanga sanskrit vishwavidyalaya,State,Bihar,846008,1961,85.897,26.1631
Kannada University,kannada university,State,Karnataka,583276,1992,76.5031,15.2931
Kannur University,kannur university,State,Kerala,670562,1997,75.3399,11.9655
Karnataka Folklore University,karnataka folklore university,State,Karnataka,581193,2011,75.6758,14.7817
Karnataka Sanskrit University,karnataka sanskrit university,State,Karnataka,560004,2011,77.577,12.9475
Karnataka State Law University,karnataka state law university,State,Karnataka,580025,2009,75.1267,15.4006
Karnataka State Open University,karnataka state open university,State,Karnataka,570006,1996,76.6249,12.3126
Karnataka State Women University,karnataka state women university,State,Karnataka,586101,2004,75.7151,16.8164
Karnataka University,karnataka university,State,Karnataka,580003,1949,74.8764,15.4213
Karnataka Veterinary,karnataka veterinary,State,Karnataka,585401,2004,77.5182,17.9155
Karpagam Academy Of Higher Education,karpagam academy of higher education,Deemed,Tamil Nadu,641021,2008,77.0268,10.9301
Karunya Institute Of Technology And Sciences,karunya institute of technology and sciences,Deemed,Tamil Nadu,641114,2004,76.7215,10.9621
Kashmir University,kashmir university,State,Jammu & Kashmir,190006,1949,74.8363,34.1456
Kavi Kulguru Kalidas Sanskrit Vishwavidyalaya,kavi kulguru kalidas sanskrit vishwavidyalaya,State,Maharashtra,441106,1997,79.3729,21.3265
Kazi Nazrul University,kazi nazrul university,State,West Bengal,713304,2012,86.9459,23.6908
Kerala Agricultural University,kerala agricultural university,State,Kerala,680656,1972,76.2856,10.5575
Kerala Kalamandalam,kerala kalamandalam,Deemed,Kerala,679531,2006,76.2942,10.6923
Kerala University,kerala university,State,Kerala,695034,1937,76.9124,8.5132
Kerala University of Fisheries & Ocean Studies,kerala university of fisheries & ocean studies,State,Kerala,682506,2011,76.3272,9.8986
Kerala University of Health Sciences,kerala university of health sciences,State,Kerala,680596,2011,76.2052,10.6197
Kerala Veterinary & Animal Sciences University,kerala veterinary & animal sciences university,State,Kerala,673576,2011,76.0621,11.4809
Khwaja Moinuddin Chishti Urdu,khwaja moinuddin chishti urdu,State,Uttar Pradesh,226013,2010,80.8937,26.9301
King Georges Medical University,king georges medical university,State,Uttar Pradesh,226003,2004,80.8869,26.8727
"KLE Academy Of Higher Education And
Research",kle academy of higher education and research,Deemed,Karnataka,590010,2006,74.5845,15.9136
Kolhan University,kolhan university,State,Jharkhand,833201,2007,85.8656,22.4476
Koneru Lakshmaiah Education Foundation,koneru lakshmaiah education foundation,Deemed,Andhra Pradesh,522502,2009,80.5877,16.4675
Kr Mangalam University,kr mangalam university,Private,Haryana,122103,2013,77.1027,28.2243
Krantiguru Shyamji Krishna Verma Kachchh University,krantiguru shyamji krishna verma kachchh university,State,Gujarat,370001,2004,69.6953,23.509
Krishna Institute Of Medical Sciences Deemed University,krishna institute of medical sciences deemed university,Deemed,Maharashtra,415539,2005,74.146,17.1491
Krishna Kanta Handique State Open University,krishna kanta handique state open university,State,Assam,781006,2007,91.79,26.1428
Krishna University,krishna university,State,Andhra Pradesh,521001,2008,81.1077,16.1066
KSGH Music And Performing Arts University,ksgh music and performing arts university,State,Karnataka,570004,2009,76.6429,12.2932
Kumar Bhaskar Varma Sanskrit & Ancient Studies University,kumar bhaskar varma sanskrit & ancient studies university,State,Assam,781335,2011,91.4375,26.4448
Kumaun University,kumaun university,State,Uttarakhand,263001,1973,79.3902,29.3596
Kurukshetra University,kurukshetra university,State,Haryana,136119,1956,76.7618,29.9825
Kushabhau Thakre Patrakarita Avam Jansanchar Vishwavidyalaya,kushabhau thakre patrakarita avam jansanchar vishwavidyalaya,State,Chhattisgarh,492013,2004,81.6002,21.2278
Kuvempu University,kuvempu university,State,Karnataka,577451,1987,75.2704,14.3695
Lakshmibai National Institute Of Physical Education,lakshmibai national institute of physical education,Deemed,Madhya Pradesh,474002,1995,78.1812,26.2205
Lakulish Yoga University,lakulish yoga university,Private,Gujarat,382481,2013,72.5258,23.1093
Lala Lajpat Rai University of Veterinary & Animal,lala lajpat rai university of veterinary & animal,State,Haryana,125004,2010,75.6774,29.1196
Lalit Narayan Mithila University,lalit narayan mithila university,State,Bihar,846008,1972,85.903,26.1631
Lingaya'S University,lingaya's university,Deemed,Haryana,121002,2009,77.3717,28.4301
LNM Istitute Of Information Technology,lnm istitute of information technology,Deemed,Rajasthan,302031,2006,75.9238,26.9364
Lovely Professional University,lovely professional university,Private,Punjab,144002,2005,75.4986,31.3095
Lucknow University,lucknow university,State,Uttar Pradesh,226007,1921,80.9469,26.8662
Madan Mohan Malviya University of Technology,madan mohan malviya university of technology,State,Uttar Pradesh,273010,2013,83.4681,26.6726
Madhav University,madhav university,Private,Rajasthan,307026,2014,72.8059,24.4296
Madhya Pradesh Medical Science University,madhya pradesh medical science university,State,Madhya Pradesh,482003,2011,79.8074,23.1829
Madras University,madras university,State,Tamil Nadu,600005,1857,80.2861,13.055
Madurai Kamraj University,madurai kamraj university,State,Tamil Nadu,625021,1965,78.0113,9.9298
Magadh University,magadh university,State,Bihar,824234,1962,84.945,24.609
Mahamaya Technical University,mahamaya technical university,State,Uttar Pradesh,201301,2010,77.3212,28.5757
Mahapurusha Srimanta Sankaradeva Viswavidyalaya,mahapurusha srimanta sankaradeva viswavidyalaya,Private,Assam,782001,2013,92.6898,26.2937
Maharaj Vinayak Global University,maharaj vinayak global university,Private,Rajasthan,302017,2012,75.8216,26.8592
Maharaja Agrasen University,maharaja agrasen university,Private,Himachal Pradesh,174103,2013,76.8567,30.9013
Maharaja Ganga Singh University,maharaja ganga singh university,State,Rajasthan,334001,2003,73.0634,28.2254
Maharaja Krishnakumarsinji Bhavnagar University,maharaja krishnakumarsinji bhavnagar university,State,Gujarat,364002,1978,72.1013,21.6809
Maharaja Sayajirao University of Baroda,maharaja sayajirao university of baroda,State,Gujarat,390002,1949,73.1783,22.3328
Maharaja Surajmal Brij University,maharaja surajmal brij university,State,Rajasthan,321001,2012,77.5233,27.1893
Maharana Pratap University of Agriculture & Technology,maharana pratap university of agriculture & technology,State,Rajasthan,313001,2000,73.5415,24.898
Maharashi Markandeshwar University,maharashi markandeshwar university,Private,Haryana,134007,2010,76.7635,30.3899
Maharashtra Animal & Fishery Sciences University,maharashtra animal & fishery sciences university,State,Maharashtra,440006,2002,79.0574,21.1649
Maharashtra University  of Health Sciences,maharashtra university of health sciences,State,Maharashtra,422013,2000,73.7596,20.0159
Maharishi Dayanand Saraswati University,maharishi dayanand saraswati university,State,Rajasthan,305009,1987,74.7302,26.4132
Maharishi Dayanand University,maharishi dayanand university,State,Haryana,124001,1976,76.5712,28.8984
Maharishi Mahesh Yogi Vedic Vishwavidyalaya,maharishi mahesh yogi vedic vishwavidyalaya,Private,Madhya Pradesh,482001,1995,79.9642,23.1588
Maharishi Markandeshwar University,maharishi markandeshwar university,Deemed,Haryana,134003,2007,77.0062,30.8348
Maharishi Markandeshwar University,maharishi markandeshwar university,Private,Himachal Pradesh,173229,2010,76.6732,30.2498
Maharishi Panini Sanskrit Evam Vedic Vishwavidyalaya,maharishi panini sanskrit vedic vishwavidyalaya,State,Madhya Pradesh,456010,2008,75.8362,23.165
Maharishi University of Information Technology,maharishi university of information technology,Private,Uttar Pradesh,226020,2013,80.9157,26.9057
Maharishi University of Management and Technology,maharishi university of management and technology,Private,Chhattisgarh,495001,2002,82.0361,22.0866
Mahatma Gandhi Antarrashtriya Hindi ,mahatma gandhi antarrashtriya hindi ,Central,Maharashtra,442001,1997,78.6105,20.6894
Mahatma Gandhi Central University,mahatma gandhi central university,Central,Bihar,800014,2014,85.0917,25.5955
Mahatma Gandhi Chitrakoot Gramoday Vishwavidyalaya,mahatma gandhi chitrakoot gramoday vishwavidyalaya,State,Madhya Pradesh,485331,1993,80.6976,24.9317
Mahatma Gandhi Kashi Vidyapeeth,mahatma gandhi kashi vidyapeeth,State,Uttar Pradesh,221002,1974,82.973,25.3322
Mahatma Gandhi University,mahatma gandhi university,State,Kerala,686560,1983,91.7706,25.9364
Mahatma Gandhi University,mahatma gandhi university,State,Telangana,508254,2008,76.5247,9.6637
Mahatma Gandhi University,mahatma gandhi university,Private,Meghalaya,793101,2011,75.9404,26.757
Mahatma Gandhi University of Medical Sciences & Technology,mahatma gandhi university of medical sciences & technology,Private,Rajasthan,302022,2011,79.2513,17.2261
Mahatma Jyoti Rao Phoole University,mahatma jyoti rao phoole university,Private,Rajasthan,302019,2009,75.7613,26.8896
Mahatma Phule Krishi Vidyapeeth,mahatma phule krishi vidyapeeth,State,Maharashtra,413722,1968,74.6456,19.4326
Makhanlal Chaturvedi Rashtriya Patrakarita National university of journalism and communication,makhanlal chaturvedi national university of journalism and communication,State,Madhya Pradesh,462039,1993,77.4323,23.1907
Manav Bharti University,manav bharti university,Private,Himachal Pradesh,173229,2009,77.0122,30.8348
Manav Rachna International Uniersity,manav rachna international uniersity,Deemed,Haryana,121001,2008,77.2949,28.4034
Mangalayatan University,mangalayatan university,Private,Uttar Pradesh,202145,2006,77.8709,27.6158
Mangalore University,mangalore university,State,Karnataka,574199,1980,74.8964,12.7964
Manipal Academy Of Higher Education,manipal academy of higher education,Deemed,Karnataka,576104,1993,74.7578,13.3695
Manipal University,manipal university,Private,Rajasthan,302026,2011,76.1217,27.1983
Manipur University,manipur university,Central,Manipur,795003,1980,93.937,24.7626
Manonmaniam Sundaranar University,manonmaniam sundaranar university,State,Tamil Nadu,627012,1992,77.6218,8.7662
Marathwada Agricultural University,marathwada agricultural university,State,Maharashtra,431402,1983,76.848,19.2667
Martin Luther Christian University,martin luther christian university,Private,Meghalaya,793001,2005,91.8845,25.5732
Mats University,mats university,Private,Chhattisgarh,493441,2006,82.3482,21.391
Maulana Abul Kalam Azad University Of Technology,maulana abul kalam azad university of technology,State,West Bengal,700091,2001,88.4197,22.5814
Maulana Azad National Urdu University,maulana azad national urdu university,Central,Telangana,500032,1998,78.3372,17.4419
Maulana Azad University,maulana azad university,Private,Rajasthan,342802,2013,73.0371,26.0611
Maulana Mazharul Haque Arabic & Persian University,maulana mazharul haque arabic & persian university,State,Bihar,800001,2004,85.1277,25.6111
Meenakshi Academy Of Higher Education And Research,meenakshi academy of higher education and research,Deemed,Tamil Nadu,600078,2004,80.1942,13.0374
Mewar University,mewar university,Private,Rajasthan,312901,2008,74.6119,25.0837
Mgm Institute Of Health Sciences,mgm institute of health sciences,Deemed,Maharashtra,410209,2006,73.105,19.0168
MGR Educational And Research Institute,mgr educational and research institute,Deemed,Tamil Nadu,600095,2003,80.1639,13.06
Mizoram University,mizoram university,Central,Mizoram,796012,2000,92.719,23.7543
MJP Rohilkhand University,mjp rohilkhand university,State,Uttar Pradesh,243006,1975,79.4362,28.3421
Mody Institute Of Education And Research,mody institute of education and research,Deemed,Rajasthan,332311,2004,75.0134,27.8408
Mohammad Ali Jauhar University,mohammad ali jauhar university,Private,Uttar Pradesh,244901,2006,79.089,28.7218
Mohan Lal Sukhadia University,mohan lal sukhadia university,State,Rajasthan,313001,1962,73.5295,24.898
Monad University,monad university,Private,Uttar Pradesh,245101,2010,77.768,28.6846
Mother Teresa Women�S University,mother teresa women's university,State,Tamil Nadu,600015,1984,80.2233,13.0202
Mpbhoj (Open) University,mpbhoj (open) university,State,Madhya Pradesh,462016,1995,77.4345,23.2111
MS Ramaiah University of Applied Sciences,ms ramaiah university of applied sciences,Private,Karnataka,560054,2013,77.5636,13.0333
Mumbai University,mumbai university,State,Maharashtra,400032,1857,72.8287,18.9292
Mvn University,mvn university,Private,Haryana,121105,2012,77.3045,28.0017
Mysore University,mysore university,State,Karnataka,570005,1916,76.6388,12.3125
Nagaland University,nagaland university,Central,Nagaland,797001,1994,94.1277,25.6035
Nalanda Open University,nalanda open university,State,Bihar,800001,1995,85.1337,25.6171
Nalanda University,nalanda university,Central,Bihar,803116,2010,85.41,25.0184
Nanaji Deshmukh Pashu Chikitsa Vigyan,nanaji deshmukh pashu chikitsa vigyan,State,Madhya Pradesh,482001,2009,79.9702,23.1588
Narendra Deo University of Agriculture & Technology,narendra deo university of agriculture & technology,State,Uttar Pradesh,224229,1974,81.7179,26.7747
Narsee Monjee Institute Of Management Studies,narsee monjee institute of management studies,Deemed,Maharashtra,400056,2003,72.8412,19.1054
National Academy Of Legal Studies & Research,national academy of legal studies & research,State,Telangana,500027,1999,78.4981,17.3885
National Brain Research Centre,national brain research centre,Deemed,Haryana,122001,2002,77.0249,28.4714
National Dairy Research Institute,national dairy research institute,Deemed,Haryana,132001,1989,76.9782,29.6808
National Institute Of Food Technology Entrepreneurship & Management (Niftem),national institute of food technology entrepreneurship & management (niftem),Deemed,Haryana,131028,2012,77.1626,28.8688
National Law Institute University,national law institute university,State,Madhya Pradesh,462044,1999,77.3669,23.1793
National Law School Of India University,national law school of india university,State,Karnataka,560072,1992,77.5194,12.9755
National Law University,national law university,State,Odisha,753001,2008,85.8796,20.4783
National Law University,national law university,State,Rajasthan,342004,2004,77.0266,28.6114
National Law University,national law university,State,Delhi,110078,2008,73.003,26.2937
National Law University and Judicial Academy,national law university and judicial academy,State,Assam,781007,2012,91.7628,26.1727
National Museum Institute Of History Of Arts Conservation And Musicology,national museum institute of history of arts conservation and musicology,Deemed,Delhi,110001,1989,77.2271,28.6236
National University of Advanced Legal Studies (NUALS) Kaloor,national university of advanced legal studies (nuals) kaloor,State,Kerala,682017,2009,76.2948,9.9952
National University of Educational Planning & Administration,national university of educational planning & administration,Deemed,Delhi,110016,2006,77.2017,28.5494
National University of Study & Research in Law,national university of study & research in law,State,Jharkhand,835217,2010,85.3624,23.5117
Nava Nalanda Mahavihara,nava nalanda mahavihara,Deemed,Bihar,803111,2006,85.4269,25.1408
Navrachana University,navrachana university,Private,Gujarat,391410,2009,73.1768,22.2085
Navsari University,navsari university,State,Gujarat,396450,2004,72.90543962,20.91849841
Nehru Gram Bharati Vishwavidyalaya,nehru gram bharati vishwavidyalaya,Deemed,Uttar Pradesh,211002,2008,81.8506,25.4623
Netaji Subhash Open University,netaji subhash open university,State,West Bengal,700064,1997,88.4115,22.5941
NIILM University,niilm university,Private,Haryana,136027,2011,76.3923,29.8008
NIIT University,niit university,Private,Rajasthan,301705,2010,76.3818,27.9982
Nilamber-Pitamber University,nilamber-pitamber university,State,Jharkhand,822101,2007,84.0712,24.0691
NIMS University,nims university,Private,Rajasthan,303001,2008,76.1411,27.0361
Nirma University,nirma university,Private,Gujarat,391410,2003,73.1828,22.2085
NITTE University,nitte university,Deemed,Karnataka,575018,2008,74.9262,12.7832
Nizam�S Institute Of Medical Sciences,nizam�s institute of medical sciences,State,Telangana,500082,1989,78.4557,17.4221
Noida International University,noida international university,Private,Uttar Pradesh,201301,2010,77.3272,28.5757
Noorul Islam Centre For Higher Education,noorul islam centre for higher education,Deemed,Tamil Nadu,629180,2008,77.3139,8.2879
North Bengal University,north bengal university,State,West Bengal,734103,1962,88.2629,27.0344
North East Frontier Technical University,north east frontier technical university,Private,Arunachal Pradesh,791001,2014,94.6447,28.2061
North Eastern Hill University,north eastern hill university,Central,Meghalaya,793022,1973,91.9072,25.6164
North Eastern Regional Institute Of Science & Technology,north eastern regional institute of science & technology,Deemed,Arunachal Pradesh,791109,2005,93.746,27.1246
North Maharashtra University,north maharashtra university,State,Maharashtra,425001,1991,75.5659,21.0179
North Orissa University,north orissa university,State,Odisha,757003,1999,86.7613,21.9328
Op Jindal Global University,op jindal global university,Private,Haryana,131001,2006,77.0048,28.9826
Op Jindal University,op jindal university,Private,Chhattisgarh,496001,2014,83.4097,21.9218
OPJS University,opjs university,Private,Rajasthan,331303,2013,75.368,28.4568
Oriental University,oriental university,Private,Madhya Pradesh,452010,2011,75.8802,22.7614
Orissa University of Agriculture & Technology,orissa university of agriculture & technology,State,Odisha,751003,1962,85.7993,20.2747
Osmania University,osmania university,State,Telangana,500007,1918,78.5365,17.4148
Pacific Academic Of Higher Education & Research University,pacific academic of higher education & research university,Private,Rajasthan,313003,2010,73.4248,24.1206
Pacific Medical University,pacific medical university,Private,Rajasthan,313001,2014,73.5355,24.904
Padmashree DrDY Patil Vidyapeeeth,padmashree drdy patil vidyapeeeth,Deemed,Maharashtra,400706,2002,73.0179,19.0288
Palamuru University,palamuru university,State,Telangana,509001,2008,77.9956,17.0667
Pandit Deendayal Petroleum University,pandit deendayal petroleum university,Private,Gujarat,382007,2007,72.6279,23.1589
Pandit Dwarka Prasad Mishra Indian Institute Of Information Technology Design And Manufacture,pandit dwarka prasad mishra indian institute of information technology design and manufacture,Deemed,Madhya Pradesh,482005,2009,80.0493,23.1871
Parul University,parul university,Private,Gujarat,391760,2015,73.3879,22.3432
Patna University,patna university,State,Bihar,800005,1917,85.1696,25.6217
People�S University,people�s university,Private,Madhya Pradesh,462037,2011,77.424,23.3012
Periyar Manaimmai Institute Of Science & Technology (Pmist),periyar manaimmai institute of science & technology (pmist),Deemed,Tamil Nadu,613403,2007,79.0257,10.7076
Periyar University,periyar university,State,Tamil Nadu,636011,1998,78.0792,11.7099
PES University,pes university,Private,Karnataka,560085,2013,77.541,12.9262
Pondicherry University,pondicherry university,Central,Puducherry,605014,1985,79.8561,12.0301
Ponnaiyan Ramajayam Institute Of Science & Technology (Pmist),ponnaiyan ramajayam institute of science & technology (pmist),Deemed,Tamil Nadu,613403,2008,79.0317,10.7076
Poornima University,poornima university,Private,Rajasthan,303905,2012,75.8156,26.6882
Potti Sreeramulu Telugu University,potti sreeramulu telugu university,State,Telangana,500004,1985,78.4603,17.4008
Pratap University,pratap university,Private,Rajasthan,302004,2011,75.8349,26.8972
Pravara Institute Of Medical Sciences,pravara institute of medical sciences,Deemed,Maharashtra,413736,2003,74.4413,19.585
Presidency University,presidency university,Private,Karnataka,560024,2013,88.3651,22.5755
Presidency University,presidency university,State,West Bengal,700073,2010,77.5984,13.0374
Professor Jayashankar Telangana State Agricultural,professor jayashankar telangana state agricultural,State,Telangana,500030,2014,78.3995,17.3354
Pt Bhagwat Dayal Sharma University of Health Sciences,pt bhagwat dayal sharma university of health sciences,State,Haryana,124001,2008,76.5772,28.8984
Pt Ravishankar Shukla University,pt ravishankar shukla university,State,Chhattisgarh,492010,1964,81.6652,21.3241
Pt Sundarlal Sharma (Open) University,pt sundarlal sharma (open) university,State,Chhattisgarh,495001,2004,82.0421,22.0866
Punjab Agricultural University,punjab agricultural university,State,Punjab,141004,1962,75.7969,30.9042
Punjab Engineering College,punjab engineering college,Deemed,Chandigarh,160009,2003,76.7983,30.7453
Punjab Technical University,punjab technical university,State,Punjab,144011,1998,75.6062,31.3311
Punjab University,punjab university,State,Chandigarh,160014,1947,76.7464,30.7619
Punjabi University,punjabi university,State,Punjab,147002,1962,76.6334,30.5425
Rabindra Bharati University,rabindra bharati university,State,West Bengal,700050,1962,88.3853,22.6276
Raffles University,raffles university,Private,Rajasthan,301020,2011,76.3804,27.8935
Rai Technology University,rai technology university,Private,Karnataka,561204,2014,77.4184,13.2953
Rai University,rai university,Private,Gujarat,382260,2009,72.5044,22.8046
Raja Mansingh Tomar Music & Arts University,raja mansingh tomar music & arts university,State,Madhya Pradesh,474009,2009,78.159,26.1981
Rajasthan Agricultural University,rajasthan agricultural university,State,Rajasthan,334006,1987,73.3962,28.0449
Rajasthan Technical University,rajasthan technical university,State,Rajasthan,324010,2006,75.8047,25.1397
Rajasthan University,rajasthan university,State,Rajasthan,302004,1947,75.8229,26.8972
Rajasthan University of Health Sciences,rajasthan university of health sciences,State,Rajasthan,302033,2005,75.8072,26.8072
Rajasthan University of Veterinary & Animal Sciences,rajasthan university of veterinary and animal sciences,State,Rajasthan,334001,2010,73.0694,28.2254
Rajendra Agricultural University,rajendra agricultural university,State,Bihar,848125,1970,85.6806,26.0069
Rajiv Gandhi National Aviation University,rajiv gandhi national aviation university,Central,Uttar Pradesh,229302,2014,81.4184,26.2175
Rajiv Gandhi Prodoyogiki Vishwavidyalaya,rajiv gandhi prodoyogiki vishwavidyalaya,State,Madhya Pradesh,462036,2004,77.3493,23.3059
Rajiv Gandhi University,rajiv gandhi university,Central,Arunachal Pradesh,791112,1985,93.7763,27.1457
Rajiv Gandhi University Of Health sciences,rajiv gandhi university of health sciences,State,Karnataka,560041,1994,77.5932,12.9245
Rajiv Gandhi University of Knowledge Technologies,rajiv gandhi university of knowledge technologies,State,Telangana,500032,2011,78.3252,17.4419
Rajmata Vijayaraje Scindia Krishi Vishwavidyalaya,rajmata vijayaraje scindia krishi vishwavidyalaya,State,Madhya Pradesh,474002,2009,78.1872,26.2205
Raksha Shakti University,raksha shakti university,State,Gujarat,380016,2011,72.6095,23.0477
Rama University,rama university,Private,Uttar Pradesh,209217,2014,80.1958,26.5804
Ramakrishna Mission Vivekananda Educational And Research Institute,ramakrishna mission vivekananda educational and research institute,Deemed,West Bengal,711202,2005,88.355,22.6237
Ranchi University,ranchi university,State,Jharkhand,834001,1960,85.3697,23.4384
Rani Channamma University,rani channamma university,State,Karnataka,591156,2010,74.5038,16.0082
Rani Durgavati Vishwavidyalaya,rani durgavati vishwavidyalaya,State,Madhya Pradesh,482001,1957,79.9582,23.1588
Rashtriya Sanskrit Sansthana,rashtriya sanskrit sansthan,Deemed,Delhi,110058,2002,77.0896,28.6222
Rashtriya Sanskrit Vidyapeeth,rashtriya sanskrit vidyapeeth,Deemed,Andhra Pradesh,517507,1987,78.5754,13.4033
Ravenshaw University,ravenshaw university,State,Odisha,753003,2005,85.903,20.4689
Rayalaseema University,rayalaseema university,State,Andhra Pradesh,518002,2008,77.3769,15.4059
Rayat Bahra University,rayat bahra university,Private,Punjab,140104,2014,76.6791,30.721
Reva University,reva university,Private,Karnataka,560064,2013,77.5557,13.1435
RK University,rk university,Private,Gujarat,360020,2011,70.9401,22.1994
RKDF University,rkdf university,Private,Madhya Pradesh,462033,2011,77.3578,23.3123
Sai Nath University,sai nath university,Private,Jharkhand,835219,2012,85.4932,23.487
Sam Higginbottom Institute Of Agriculture Technology & Sciences,sam higginbottom institute of agriculture technology & sciences,Deemed,Uttar Pradesh,211007,2000,81.8392,25.414
Sambalpur University,sambalpur university,State,Odisha,768019,1967,83.8831,21.4783
Sampurnanand Sanskrit Vishwavidyalaya,sampurnanand sanskrit vishwavidyalaya,State,Uttar Pradesh,221002,1958,82.979,25.3322
Sangai International University,sangai international university,Private,Manipur,795128,2015,93.5134,24.2755
Sangam University,sangam university,Private,Rajasthan,311001,2012,74.719,25.3341
Sant Baba Bhag Singh University,sant baba bhag singh university,Private,Punjab,144030,2015,75.7972,31.3922
Sant Gadge Baba Amravati University,sant gadge baba amravati university,State,Maharashtra,444602,1983,77.8073,20.9515
Sant Longowal Institute Of Engineering And Technology,sant longowal institute of engineering and technology,Deemed,Punjab,148106,2007,75.6823,30.1906
Santosh University,santosh university,Deemed,Uttar Pradesh,201009,2008,77.4437,28.6181
Sardar Patel University,sardar patel university,State,Gujarat,388120,1955,72.9254,22.5489
Sardar Patel University of Police Security and Criminal Justice,sardar patel university of police security and criminal justice,State,Rajasthan,342304,2012,73.084,26.3632
Sardar Vallabh Bhai Patel University of Agriculture & Technology,sardar vallabh bhai patel university of agriculture & technology,State,Uttar Pradesh,250110,2004,77.7368,29.0799
Sarguja University,sarguja university,State,Chhattisgarh,497001,2008,83.2256,23.1565
Sarvepalli Radhakrishnan University,sarvepalli radhakrishnan university,Private,Madhya Pradesh,462026,2015,77.4594,23.2122
Satavahana University,satavahana university,State,Telangana,505001,2008,79.1711,18.441
"Sathyabama Institute Of Science And
Technology","sathyabama institute of science and
technology",Deemed,Tamil Nadu,600119,2001,80.2277,12.8662
Saurashtra University,saurashtra university,State,Gujarat,360005,1955,70.7085,22.2517
Saveetha Institute Of Medical And Technical Sciences,saveetha university,Deemed,Tamil Nadu,600072,2005,80.0495,13.1395
Savitribai Phule Pune University,savitribai phule pune university,State,Maharashtra,411007,1949,73.8178,18.5559
School Of Planning & Architecture,school of planning & architecture,Deemed,Delhi,110002,1979,77.2429,28.6359
Seacom Skills University,seacom skills university,Private,West Bengal,731236,2014,87.6436,23.7071
Shanmugha Arts Science Technology & Research Academy (Sastra),shanmugha arts science technology & research academy (sastra),Deemed,Tamil Nadu,613401,2001,79.0185,10.728
Sharda University,sharda university,Private,Uttar Pradesh,201306,2009,77.4889,28.4863
Shekhawati University,shekhawati university,State,Rajasthan,332001,2012,75.1256,27.5993
Sher-e-Kashmir University of Agricultural Science & Technology,sher-e-kashmir university of agricultural science & technology,State,Jammu & Kashmir,180009,1999,74.9254,32.6793
Sher-e-Kashmir University of Agricultural Science & Technology,sher-e-kashmir university of agricultural science & technology,State,Jammu & Kashmir,191121,1982,74.878,34.1457
Shiksha 'O' Anusandhan,shiksha 'o' anusandhan,Deemed,Odisha,751030,2007,85.7815,20.2594
Shiv Nadar University,shiv nadar university,Private,Uttar Pradesh,203207,2011,77.5283,28.5489
Shivaji University,shivaji university,State,Maharashtra,416004,1962,74.2853,16.67
Shobhit Institute Of Engineering & Technology,shobhit institute of engineering & technology,Deemed,Uttar Pradesh,250110,2006,77.7428,29.0799
Shobhit University,shobhit university,Private,Uttar Pradesh,247341,2012,77.2145,29.7507
Shoolini University of Biotechnology and Management,shoolini university of biotechnology and management,Private,Himachal Pradesh,173212,2009,76.8488,30.9325
Shree Guru Gobind Singh Tricentenary University,shree guru gobind singh tricentenary university,Private,Haryana,122505,2013,76.9037,28.4786
Shree Sankaracharya University of Sanskrit,shree sankaracharya university of sanskrit,State,Kerala,683574,1994,76.4664,10.2307
Shree Somnath Sanskrit University,shree somnath sanskrit university,State,Gujarat,362268,2005,70.5512,20.9193
Shri Jagannath Sanskrit Vishwavidyalaya,shri jagannath sanskrit vishwavidyalaya,State,Odisha,752003,1981,85.5743,19.9091
Shri Jagdish Prasad Jhabarmal Tibrewala University,shri jagdish prasad jhabarmal tibrewala university,Private,Rajasthan,333001,2009,75.317,28.1256
Shri Lal Bahadur Shastri Rashtriya Sanskrit Vidyapith,shri lal bahadur shastri rashtriya sanskrit vidyapith,Deemed,Delhi,110016,1987,77.1897,28.5494
Shri Mata Vaishno Devi University,shri mata vaishno devi university,State,Jammu & Kashmir,180004,2004,74.8768,32.6916
Shri Ramasamy Memorial University,shri ramasamy memorial university,Private,Sikkim,737102,2014,88.5912,27.3187
Shri Ramswaroop Memorial University,shri ramswaroop memorial university,Private,Uttar Pradesh,227105,2012,81.0528,26.9081
Shri Venkateshwara University,shri venkateshwara university,Private,Uttar Pradesh,244236,2010,78.3437,28.886
Shridhar University,shridhar university,Private,Rajasthan,333031,2010,75.6322,28.4065
Sidho-Kanho-Birsha University,sidho kanho birsa university,State,West Bengal,723104,2010,86.3415,23.3506
Sido Kanhu University,sido kanhu murmu university,State,Jharkhand,814101,1992,87.2242,24.2757
Sikkim- Manipal University,sikkim manipal university,Private,Sikkim,737101,1995,88.6067,27.3362
Sikkim University,sikkim university,Central,Sikkim,737102,2007,88.6012,27.3152
Singhania University,singhania university,Private,Rajasthan,333515,2008,75.9934,28.1772
Sir Padmapat Singhania University,sir padmapat singhania university,Private,Rajasthan,313601,2008,74.0256,24.6711
Smt Nathibai Damodar Thackersey Women�S,smt nathibai damodar thackersey women's university,State,Maharashtra,400020,1951,72.8279,18.9378
Solapur University,solapur university,State,Maharashtra,413255,2004,75.8069,17.7209
South Asian University,south asian university,Central,Delhi,110067,2010,77.1738,28.5424
Spicer Adventist University,spicer adventist university,Private,Maharashtra,411004,2014,73.8399,18.5106
Sri Balaji Vidyapeeth Mahatma Gandhi Medical College,sri balaji vidyapeeth mahatma gandhi medical college,Deemed,Puducherry,607402,2008,79.3706,11.4426
Sri Chandrasekharendra Saraswathi Vishwa Mahavidyalaya,sri chandrasekharendra saraswathi vishwa mahavidyalaya,Deemed,Tamil Nadu,631561,1993,79.7649,12.8736
Sri Dev Suman Uttarakhand University,sri dev suman uttarakhand university,State,Uttarakhand,249199,2011,78.4394,30.3115
Sri Devraj Urs Academy Of Higher Education And Research,sri devraj urs academy of higher education and research,Deemed,Karnataka,563101,2007,78.1166,13.1479
Sri Guru Granth Sahib World University,sri guru granth sahib world university,Private,Punjab,140406,2008,76.4241,30.6117
Sri Konda Laxman Telangana State Horticultural University,sri konda laxman telangana state horticultural university,State,Telangana,500030,2014,78.3941,17.3353
Sri Krishnadevaraya University,sri krishnadevaraya university,State,Andhra Pradesh,515003,1981,77.4755,14.6789
Sri Padmavati Mahila Vishwavidyalayam,sri padmavati mahila vishwavidyalayam,State,Andhra Pradesh,517502,1983,79.4003,13.6025
Sri Ramachandra Medical College And Research Institute,sri ramachandra medical college and research institute,Deemed,Tamil Nadu,600116,1994,80.1568,13.0196
Sri Sai University,sri sai university,Private,Himachal Pradesh,176081,2011,76.6257,31.966
Sri Sathya Sai Institute Of Higher Learning,sri sathya sai institute of higher learning,Deemed,Andhra Pradesh,515134,1981,77.8076,14.1216
Sri Satya Sai University of Technology & Medical Sciences,sri satya sai university of technology & medical sciences,Private,Madhya Pradesh,466001,2014,77.1176,23.1971
Sri Siddhartha Academy Of Higher Education,sri siddhartha academy of higher education,Deemed,Karnataka,572107,2008,77.0371,13.3513
Sri Sri University,sri sri university,Private,Odisha,754006,2009,85.7503,20.4225
Sri Venkateswara Institute Of Medical Sciences,sri venkateswara institute of medical sciences,State,Andhra Pradesh,517507,1993,78.5814,13.4033
Sri Venkateswara University,sri venkateswara university,State,Andhra Pradesh,517507,1954,78.5694,13.4033
Sri Venkateswara Vedic University,sri venkateswara vedic university,State,Andhra Pradesh,517502,2006,79.4063,13.6025
Sri Venkateswara Veterinary University,sri venkateswara veterinary university,State,Andhra Pradesh,517502,2005,79.3943,13.6025
Srimanta Sankaradeva University of Health Sciences,srimanta sankaradeva university of health sciences,State,Assam,781032,2007,91.7632,26.1632
Srinivas University,srinivas university,Private,Karnataka,574146,2015,74.8137,13.0481
SRM Institute Of Science And Technology,srm institute of science and technology,Deemed,Tamil Nadu,603203,2002,80.0197,12.8558
SRM University,srm university,Private,Haryana,131029,2013,77.0867,28.9141
St Peter�S Institute Of Higher Education And Research,st peter�s institute of higher education and research,Deemed,Tamil Nadu,600054,2008,80.1044,13.132
State University of Performing and Visual Arts,state university of performing and visual arts,State,Haryana,124001,2014,76.5652,28.8984
Sumandeep Vidyapeeth,sumandeep vidyapeeth,Deemed,Gujarat,391760,2007,73.3933,22.3433
Sunrise University,sunrise university,Private,Rajasthan,301030,2011,76.692,27.5004
Suresh Gyan Vihar University,suresh gyan vihar university,Private,Rajasthan,302017,2008,75.8096,26.8592
Swami Rama Himalayan University,swami rama himalayan university,Private,Uttarakhand,248016,2013,78.1681,30.1973
Swami Ramanand Teerth Marathwada University,swami ramanand teerth marathwada university,State,Maharashtra,431606,1995,77.269,19.0887
Swami Vivekanand Subharti University,swami vivekanand subharti university,Private,Uttar Pradesh,250005,2008,77.6366,28.9598
Swami Vivekananda University,swami vivekananda university,Private,Madhya Pradesh,470228,2011,78.9323,23.67
Swami Vivekananda Yoga Anusandhana Samsthana,swami vivekananda yoga anusandhana samsthana,Deemed,Karnataka,560018,2002,77.5624,12.958
Swarnim Gujarat Sports University,swarnim gujarat sports university,State,Gujarat,382021,2011,72.6736,23.2245
Symbiosis International University,symbiosis international university,Deemed,Maharashtra,411004,2002,73.8279,18.5106
T M Bhagalpur University,tm bhagalpur university,State,Bihar,812007,1960,86.9536,25.2451
Tamil Nadu Open University,tamil nadu open university,State,Tamil Nadu,600025,2004,80.2423,13.011
Tamil Nadu Teacher Education University,tamil nadu teacher education university,State,Tamil Nadu,600005,2008,80.2801,13.055
Tamil University,tamil university,State,Tamil Nadu,613005,1981,79.088,10.7416
Tamilnadu Agricultural University,tamilnadu agricultural university,State,Tamil Nadu,641003,1971,76.936,11.0119
Tamilnadu Dr Ambedkar Law University,tamil nadu dr ambedkar law university,State,Tamil Nadu,600028,1998,80.266,13.0216
Tamilnadu Dr Mgr Medical University,tamil nadu dr mgr medical university,State,Tamil Nadu,600032,1989,80.213,13.0145
Tamilnadu Fisheries University,tamil nadu fisheries university,State,Tamil Nadu,611001,2012,79.8268,10.755
Tamilnadu Music And Fine Arts University,tamilnadu music and fine arts university,State,Tamil Nadu,600028,2013,80.272,13.0216
Tamilnadu National Law School,tamilnadu national law school,State,Tamil Nadu,620009,2012,78.5682,10.7133
Tamilnadu Physical Education And Sports University,tamilnadu physical education and sports university,State,Tamil Nadu,600006,2005,80.2514,13.0625
Tamilnadu Veterinary & Animal Sciences University,tamilnadu veterinary & animal sciences university,State,Tamil Nadu,600051,1990,80.2356,13.1465
Tantia University,tantia university,Private,Rajasthan,335002,2013,73.7209,29.7585
Tata Institute Of Fundamental Research,tata institute of fundamental research,Deemed,Maharashtra,400005,2002,72.8177,18.9123
Tata Institute Of Social Sciences,tata institute of social sciences,Deemed,Maharashtra,400088,1964,72.9476,19.0517
Team Lease Skills University,team lease skills university,Private,Gujarat,390009,2013,73.212,22.2598
Techno Global University,techno global university,Private,Madhya Pradesh,464228,2013,91.9132,25.6164
Techno Global University,techno global university,Private,Meghalaya,793022,2008,77.653,24.1724
Techno India University,techno india university,Private,West Bengal,700091,2012,88.4317,22.5814
Teerthanker Mahaveer University,teerthanker mahaveer university,Private,Uttar Pradesh,244102,2008,78.6351,28.7933
Telangana University,telangana university,State,Telangana,503002,2006,78.1389,18.6405
Teri School Of Advanced Studies,teri school of advanced studies,Deemed,Delhi,110003,1999,77.2256,28.5914
Tezpur University,tezpur university,Central,Assam,784028,1994,92.827,26.6989
The Assam Kaziranga University,the assam kaziranga university,Private,Assam,785006,2012,94.1136,26.7326
The English And Foreign Languages University,the english and foreign languages university,Central,Telangana,500007,1958,78.5425,17.4148
The Global Open University,the global open university,Private,Nagaland,797111,2006,94.2791,26.1544
The Glocal University,the glocal university,Private,Uttar Pradesh,247001,2012,77.5941,30.0021
The Indira Gandhi National Tribal University,the indira gandhi national tribal university,Central,Madhya Pradesh,795001,2008,81.7506,22.8036
The Indira Gandhi Technological & Medical Sciences University,the indira gandhi technological & medical sciences university,Private,Arunachal Pradesh,791120,2012,94.1048,27.7765
The Institute Of Chartered Financial Analysts Of India,the institute of chartered financial analysts of india,Private,Nagaland,797112,2009,93.6902,25.7686
The Institute Of Chartered Financial Analysts Of India University,the institute of chartered financial analysts of india university,Private,Jharkhand,834202,2008,92.7368,23.7798
The Institute Of Chartered Financial Analysts Of India University,the institute of chartered financial analysts of india university,Private,Mizoram,796025,2006,90.1908,25.4695
The Institute Of Chartered Financial Analysts Of India University,the institute of chartered financial analysts of india university,Private,Meghalaya,794001,2009,88.6127,27.3362
The Institute Of Chartered Financial Analysts Of India University,the institute of chartered financial analysts of india university,Private,Sikkim,737101,2004,85.2361,23.3735
The Neotia University,the neotia university,Private,West Bengal,743368,2015,88.3524,22.1203
The Rajiv Gandhi National University of Law,the rajiv gandhi national university of law,State,Punjab,147001,2006,76.3418,30.3534
The Rashtrasant Tukadoji Maharaj Nagpur University,rashtrasant tukadoji maharaj nagpur university,State,Maharashtra,440001,1923,79.0704,21.1555
The West Bengal National University of Juridical Science,the west bengal national university of juridical science,State,West Bengal,700098,2004,88.4083,22.568
The West Bengal University of Health Sciences,the west bengal university of health sciences,State,West Bengal,700064,2002,88.4175,22.5941
Thiruvalluvar University,thiruvalluvar university,State,Tamil Nadu,632004,2003,79.1317,12.9042
Thopar Institute Of Engineering & Technology,thopar institute of engineering & technology,Deemed,Punjab,147004,1985,76.5033,30.3633
Thunchath Ezhuthachan Malayalam University,thunchath ezhuthachan malayalam university,State,Kerala,676107,2013,75.9128,10.9215
Tilak Maharashtra Vidyapeeth,tilak maharashtra vidyapeeth,Deemed,Maharashtra,411037,1987,73.8664,18.4776
Tripura University,tripura university,Central,Tripura,799130,1987,91.2673,23.735
Tumkur University,tumkur university,State,Karnataka,572101,2004,77.0771,13.3587
Uka Tarsadia University,uka tarsadia university,Private,Gujarat,394350,2011,73.1317,21.0672
University of Agricultural Sciences,university of agricultural sciences,State,Karnataka,560065,1964,77.597,13.0836
University of Agricultural Sciences,university of agricultural sciences,State,Karnataka,580005,1986,74.9978,15.5154
University of Allahabad,university of allahabad,Central,Uttar Pradesh,211002,1887,81.8566,25.4623
University of Engineering & Management,university of engineering & management,Private,Rajasthan,303807,2012,75.7097,27.2361
University of Engineering and Management,university of engineering and management,Private,West Bengal,700135,2015,88.5409,22.5934
University of Horticultural Sciences,university of horticultural sciences,State,Karnataka,587104,2008,16.16378,75.61496
University of Kota,university of kota,State,Rajasthan,324005,2003,75.8413,25.1376
University of Patanjali,university of patanjali,Private,Uttarakhand,249405,2006,85.3298,23.3504
University of Petroleum and Energy Studies,university of petroleum and energy studies,Private,Uttarakhand,284007,2003,77.9681,30.4172
University of Science & Technology,university of science & technology,Private,Meghalaya,793003,2008,91.9104,25.58
University of Technology & Management,university of technology & management,Private,Meghalaya,793001,2011,91.8905,25.5732
UP King George�s University of Dental Science,up king george�s university of dental science,State,Uttar Pradesh,226003,2004,80.8929,26.8727
Up Rajarshi Tandon Open University,up rajarshi tandon open university,State,Uttar Pradesh,211001,2004,81.8403,25.4441
Utkal University,utkal university,State,Odisha,751004,1943,85.8394,20.3025
Utkal University of Culture,utkal university of culture,State,Odisha,751009,1999,85.8386,20.2618
Uttar Banga Krishi Vishwavidyalaya,uttar banga krishi vishwavidyalaya,State,West Bengal,736165,2001,89.3752,26.4058
Uttar Pradesh Pandit Deen Dayal Upadhyaya Pashu Chikitsa Vigyan Vishwavidyalaya Evam Go- Anusandhan Sansthan,uttar pradesh pandit deen dayal upadhyaya pashu chikitsa vigyan vishwavidyalaya evam go- anusandhan sansthan,State,Uttar Pradesh,281001,2001,77.8172,27.6648
Uttar Pradesh Technical University,uttar pradesh technical university,State,Uttar Pradesh,226021,2001,80.9468,26.9299
Uttar Pradesh Viklang Uddhar Dr Shakuntala Misra National Rehabilitation University,uttar pradesh viklang uddhar dr shakuntala misra national rehabilitation university,State,Uttar Pradesh,226017,2008,80.8676,26.839
Uttarakhand Ayurved University,uttarakhand ayurved university,State,Uttarakhand,248009,2009,78.0649,30.4093
Uttarakhand Open University,uttarakhand open university,State,Uttarakhand,263139,2005,79.4325,29.194
Uttarakhand Sanskrit University,uttarakhand sanskrit university,State,Uttarakhand,249401,2005,78.1347,29.9353
Uttarakhand University of Horticulture & Forestry,uttarakhand university of horticulture & forestry,State,Uttarakhand,246123,2011,78.939,30.0644
Uttaranchal University,uttaranchal university,Private,Uttarakhand,248007,2013,77.9356,30.3909
Uttrakhand Technical University,uttrakhand technical university,State,Uttarakhand,248007,2008,77.9416,30.3909
Vardhman Mahaveer Open University,vardhman mahaveer open university,State,Rajasthan,324010,1987,75.8107,25.1397
Veer Bahadur Singh Purvanchal University,veer bahadur singh purvanchal university,State,Uttar Pradesh,222002,1987,82.5852,25.7589
Veer Kunwar Singh University,veer kunwar singh university,State,Bihar,802301,1994,84.6701,25.5577
Veer Narmad South Gujarat University,veer narmad south gujarat university,State,Gujarat,395007,1965,72.7633,21.0987
Veer Surendra Sai University of Technology,veer surendra sai university of technology,State,Odisha,768018,2009,83.9134,21.4858
Vel Tech Rangarajan Dr Sagunthala R & D Institute Of Science And Technology,vel tech rangarajan dr sagunthala r & d institute of science and technology,Deemed,Tamil Nadu,600062,2008,80.1199,13.1699
Vellore Institute Of Technology,vellore institute of technology,Deemed,Tamil Nadu,632014,2001,79.1617,12.9815
Vels Institute Of Science Technology & Advanced Studies (Vistas),vels institute of science technology & advanced studies (vistas),Deemed,Tamil Nadu,600117,2008,80.1682,12.9437
Venkateshwara Open University,venkateshwara open university,Private,Arunachal Pradesh,791111,2012,93.6528,27.1078
Vesveswaraiah Technological University,vesveswaraiah technological university,State,Karnataka,590010,1999,74.5905,15.9136
Vidya Sagar University,vidya sagar university,State,West Bengal,721102,1981,87.2081,22.4458
Vignan'S Foundation For Science Technology And Research,vignan's foundation for science technology and research,Deemed,Andhra Pradesh,522213,2008,80.5608,16.2599
Vijayanagara Sri Krishnadevaraya University,vijayanagara sri krishnadevaraya university,State,Karnataka,583104,2010,76.9614,15.0851
Vikram Simhapuri University,vikram simhapuri university,State,Andhra Pradesh,524003,2008,79.9912,14.4316
Vikram University,vikram university,State,Madhya Pradesh,456010,1957,75.8422,23.165
Vinayaka Mission�S Research Foundation,vinayaka missions research foundation,Deemed,Tamil Nadu,636308,2001,78.0755,11.5301
Vinayaka Missions Sikkim University,vinayaka missions sikkim university,Private,Sikkim,737102,2008,88.5972,27.3187
Vinoba Bhave University,vinoba bhave university,State,Jharkhand,825301,1993,85.3834,23.9328
Vishwa Bharati University,vishwa bharati university,Central,West Bengal,731235,1951,87.6348,23.7634
Vivekananda Global University,vivekananda global university,Private,Rajasthan,303012,2012,75.9822,26.9118
West Bengal State University,west bengal state university,State,West Bengal,700124,2007,88.8631,22.9155
West Bengal University of Animal and Fishery,west bengal university of animal and fishery,State,West Bengal,700037,1995,88.3873,22.6091
William Carey University,william carey university,Private,Meghalaya,793001,2005,91.8785,25.5732
Xavier University,xavier university,Private,Odisha,751013,2013,85.8221,20.3043
Yashwant Rao Chavan Maharashtra Open University,yashwant rao chavan maharashtra open university,State,Maharashtra,422222,1990,73.908,20.0067
Yenepoya University,yenepoya university,Deemed,Karnataka,575018,2008,74.9322,12.7832
YMCA University of Science & Technology,ymca university of science & technology,State,Haryana,121006,2009,77.342,28.3676
Yogi Vemana University,yogi vemana university,State,Andhra Pradesh,516003,2006,78.7872,14.4795
